{
"Fact": [
{"PutRequest": {"Item": {"display":{"S":"Robert Carter"},"fname":{"S":"robert"},"lname":{"S":"carter"},"type":{"S":"faculty"},"checkouts":{"L":[{"M":{"id":{"S":"91004"},"year":{"N":"2017"},"month":{"N":"3"},"day":{"N":"31"},"book":{"S":"5237"},"title":{"S":"Mastering the database environment"},"pubyear":{"N":"2015"},"subject":{"S":"database"}}},{"M":{"id":{"S":"91003"},"year":{"N":"2017"},"month":{"N":"3"},"day":{"N":"31"},"book":{"S":"5240"},"title":{"S":"iOS Programming"},"pubyear":{"N":"2015"},"subject":{"S":"programming"}}},{"M":{"id":{"S":"91013"},"year":{"N":"2017"},"month":{"N":"4"},"day":{"N":"10"},"book":{"S":"5240"},"title":{"S":"iOS Programming"},"pubyear":{"N":"2015"},"subject":{"S":"programming"}}}]}}}},
{"PutRequest": {"Item": {"display":{"S":"Kelsey Koch"},"fname":{"S":"kelsey"},"lname":{"S":"koch"},"type":{"S":"faculty"},"checkouts":{"L":[{"M":{"id":{"S":"91010"},"year":{"N":"2017"},"month":{"N":"4"},"day":{"N":"5"},"book":{"S":"5235"},"title":{"S":"Beginner's Guide to JAVA"},"pubyear":{"N":"2014"},"subject":{"S":"programming"}}},{"M":{"id":{"S":"91027"},"year":{"N":"2017"},"month":{"N":"4"},"day":{"N":"21"},"book":{"S":"5243"},"title":{"S":"DATABASES in Theory"},"pubyear":{"N":"2015"},"subject":{"S":"database"}}},{"M":{"id":{"S":"91026"},"year":{"N":"2017"},"month":{"N":"4"},"day":{"N":"21"},"book":{"S":"5254"},"title":{"S":"Coding Style for Maintenance"},"pubyear":{"N":"2017"},"subject":{"S":"programming"}}}]}}}},
{"PutRequest": {"Item": {"display":{"S":"Cory Barry"},"fname":{"S":"cory"},"lname":{"S":"barry"},"type":{"S":"faculty"},"checkouts":{"L":[{"M":{"id":{"S":"91009"},"year":{"N":"2017"},"month":{"N":"4"},"day":{"N":"5"},"book":{"S":"5242"},"title":{"S":"C# in Middleware Deployment"},"pubyear":{"N":"2015"},"subject":{"S":"middleware"}}},{"M":{"id":{"S":"91018"},"year":{"N":"2017"},"month":{"N":"4"},"day":{"N":"14"},"book":{"S":"5236"},"title":{"S":"Database in the Cloud"},"pubyear":{"N":"2014"},"subject":{"S":"cloud"}}}]}}}},
{"PutRequest": {"Item": {"display":{"S":"Cedric Baldwin"},"fname":{"S":"cedric"},"lname":{"S":"baldwin"},"type":{"S":"faculty"},"checkouts":{"L":[{"M":{"id":{"S":"91001"},"year":{"N":"2017"},"month":{"N":"3"},"day":{"N":"31"},"book":{"S":"5235"},"title":{"S":"Beginner's Guide to JAVA"},"pubyear":{"N":"2014"},"subject":{"S":"programming"}}},{"M":{"id":{"S":"91031"},"year":{"N":"2017"},"month":{"N":"4"},"day":{"N":"23"},"book":{"S":"5252"},"title":{"S":"Beyond the Database Veil"},"pubyear":{"N":"2016"},"subject":{"S":"database"}}},{"M":{"id":{"S":"91035"},"year":{"N":"2017"},"month":{"N":"4"},"day":{"N":"24"},"book":{"S":"5248"},"title":{"S":"What You Always Wanted to Know About Database, But Were Afraid to Ask"},"pubyear":{"N":"2016"},"subject":{"S":"database"}}}]}}}},
{"PutRequest": {"Item": {"display":{"S":"Peggy Marsh"},"fname":{"S":"peggy"},"lname":{"S":"marsh"},"type":{"S":"student"},"age":{"N":"21"},"checkouts":{"L":[{"M":{"id":{"S":"91019"},"year":{"N":"2017"},"month":{"N":"4"},"day":{"N":"14"},"book":{"S":"5246"},"title":{"S":"Capture the Cloud"},"pubyear":{"N":"2016"},"subject":{"S":"cloud"}}},{"M":{"id":{"S":"91022"},"year":{"N":"2017"},"month":{"N":"4"},"day":{"N":"16"},"book":{"S":"5252"},"title":{"S":"Beyond the Database Veil"},"pubyear":{"N":"2016"},"subject":{"S":"database"}}},{"M":{"id":{"S":"91058"},"year":{"N":"2017"},"month":{"N":"5"},"day":{"N":"10"},"book":{"S":"5252"},"title":{"S":"Beyond the Database Veil"},"pubyear":{"N":"2016"},"subject":{"S":"database"}}}]}}}},
{"PutRequest": {"Item": {"display":{"S":"Tony Miles"},"fname":{"S":"tony"},"lname":{"S":"miles"},"type":{"S":"student"},"age":{"N":"23"},"checkouts":{"L":[{"M":{"id":{"S":"91025"},"year":{"N":"2017"},"month":{"N":"4"},"day":{"N":"21"},"book":{"S":"5246"},"title":{"S":"Capture the Cloud"},"pubyear":{"N":"2016"},"subject":{"S":"cloud"}}},{"M":{"id":{"S":"91032"},"year":{"N":"2017"},"month":{"N":"4"},"day":{"N":"23"},"book":{"S":"5238"},"title":{"S":"Conceptual Programming"},"pubyear":{"N":"2015"},"subject":{"S":"programming"}}},{"M":{"id":{"S":"91061"},"year":{"N":"2017"},"month":{"N":"5"},"day":{"N":"15"},"book":{"S":"5246"},"title":{"S":"Capture the Cloud"},"pubyear":{"N":"2016"},"subject":{"S":"cloud"}}}]}}}},
{"PutRequest": {"Item": {"display":{"S":"Betsy Malone"},"fname":{"S":"betsy"},"lname":{"S":"malone"},"type":{"S":"student"},"age":{"N":"24"},"checkouts":{"L":[{"M":{"id":{"S":"91007"},"year":{"N":"2017"},"month":{"N":"4"},"day":{"N":"5"},"book":{"S":"5244"},"title":{"S":"Cloud-based Mobile Applications"},"pubyear":{"N":"2015"},"subject":{"S":"cloud"}}},{"M":{"id":{"S":"91033"},"year":{"N":"2017"},"month":{"N":"4"},"day":{"N":"23"},"book":{"S":"5235"},"title":{"S":"Beginner's Guide to JAVA"},"pubyear":{"N":"2014"},"subject":{"S":"programming"}}}]}}}},
{"PutRequest": {"Item": {"display":{"S":"Allen Horne"},"fname":{"S":"allen"},"lname":{"S":"horne"},"type":{"S":"student"},"age":{"N":"20"},"checkouts":{"L":[{"M":{"id":{"S":"91008"},"year":{"N":"2017"},"month":{"N":"4"},"day":{"N":"5"},"book":{"S":"5248"},"title":{"S":"What You Always Wanted to Know About Database, But Were Afraid to Ask"},"pubyear":{"N":"2016"},"subject":{"S":"database"}}},{"M":{"id":{"S":"91011"},"year":{"N":"2017"},"month":{"N":"4"},"day":{"N":"5"},"book":{"S":"5236"},"title":{"S":"Database in the Cloud"},"pubyear":{"N":"2014"},"subject":{"S":"cloud"}}},{"M":{"id":{"S":"91012"},"year":{"N":"2017"},"month":{"N":"4"},"day":{"N":"8"},"book":{"S":"5249"},"title":{"S":"Starlight Applications"},"pubyear":{"N":"2016"},"subject":{"S":"cloud"}}}]}}}},
{"PutRequest": {"Item": {"display":{"S":"Helena Hughes"},"fname":{"S":"helena"},"lname":{"S":"hughes"},"type":{"S":"faculty"},"checkouts":{"L":[{"M":{"id":{"S":"91016"},"year":{"N":"2017"},"month":{"N":"4"},"day":{"N":"13"},"book":{"S":"5236"},"title":{"S":"Database in the Cloud"},"pubyear":{"N":"2014"},"subject":{"S":"cloud"}}},{"M":{"id":{"S":"91028"},"year":{"N":"2017"},"month":{"N":"4"},"day":{"N":"22"},"book":{"S":"5236"},"title":{"S":"Database in the Cloud"},"pubyear":{"N":"2014"},"subject":{"S":"cloud"}}},{"M":{"id":{"S":"91064"},"year":{"N":"2017"},"month":{"N":"5"},"day":{"N":"17"},"book":{"S":"5236"},"title":{"S":"Database in the Cloud"},"pubyear":{"N":"2014"},"subject":{"S":"cloud"}}}]}}}},
{"PutRequest": {"Item": {"display":{"S":"Jimmie Love"},"fname":{"S":"jimmie"},"lname":{"S":"love"},"type":{"S":"student"},"age":{"N":"29"},"checkouts":{"L":[{"M":{"id":{"S":"91017"},"year":{"N":"2017"},"month":{"N":"4"},"day":{"N":"14"},"book":{"S":"5240"},"title":{"S":"iOS Programming"},"pubyear":{"N":"2015"},"subject":{"S":"programming"}}}]}}}},
{"PutRequest": {"Item": {"display":{"S":"Sandra Yang"},"fname":{"S":"sandra"},"lname":{"S":"yang"},"type":{"S":"student"},"age":{"N":"34"},"checkouts":{"L":[{"M":{"id":{"S":"91021"},"year":{"N":"2017"},"month":{"N":"4"},"day":{"N":"16"},"book":{"S":"5238"},"title":{"S":"Conceptual Programming"},"pubyear":{"N":"2015"},"subject":{"S":"programming"}}},{"M":{"id":{"S":"91020"},"year":{"N":"2017"},"month":{"N":"4"},"day":{"N":"16"},"book":{"S":"5254"},"title":{"S":"Coding Style for Maintenance"},"pubyear":{"N":"2017"},"subject":{"S":"programming"}}},{"M":{"id":{"S":"91034"},"year":{"N":"2017"},"month":{"N":"4"},"day":{"N":"23"},"book":{"S":"5240"},"title":{"S":"iOS Programming"},"pubyear":{"N":"2015"},"subject":{"S":"programming"}}}]}}}},
{"PutRequest": {"Item": {"display":{"S":"Holly Anthony"},"fname":{"S":"holly"},"lname":{"S":"anthony"},"type":{"S":"student"},"age":{"N":"25"},"checkouts":{"L":[{"M":{"id":{"S":"91005"},"year":{"N":"2017"},"month":{"N":"3"},"day":{"N":"31"},"book":{"S":"5236"},"title":{"S":"Database in the Cloud"},"pubyear":{"N":"2014"},"subject":{"S":"cloud"}}},{"M":{"id":{"S":"91036"},"year":{"N":"2017"},"month":{"N":"4"},"day":{"N":"24"},"book":{"S":"5237"},"title":{"S":"Mastering the database environment"},"pubyear":{"N":"2015"},"subject":{"S":"database"}}}]}}}},
{"PutRequest": {"Item": {"display":{"S":"Tyler Pope"},"fname":{"S":"tyler"},"lname":{"S":"pope"},"type":{"S":"student"},"age":{"N":"19"},"checkouts":{"L":[{"M":{"id":{"S":"91006"},"year":{"N":"2017"},"month":{"N":"4"},"day":{"N":"5"},"book":{"S":"5235"},"title":{"S":"Beginner's Guide to JAVA"},"pubyear":{"N":"2014"},"subject":{"S":"programming"}}},{"M":{"id":{"S":"91029"},"year":{"N":"2017"},"month":{"N":"4"},"day":{"N":"22"},"book":{"S":"5244"},"title":{"S":"Cloud-based Mobile Applications"},"pubyear":{"N":"2015"},"subject":{"S":"cloud"}}}]}}}},
{"PutRequest": {"Item": {"display":{"S":"Thomas Duran"},"fname":{"S":"thomas"},"lname":{"S":"duran"},"type":{"S":"student"},"age":{"N":"18"},"checkouts":{"L":[{"M":{"id":{"S":"91015"},"year":{"N":"2017"},"month":{"N":"4"},"day":{"N":"11"},"book":{"S":"5237"},"title":{"S":"Mastering the database environment"},"pubyear":{"N":"2015"},"subject":{"S":"database"}}},{"M":{"id":{"S":"91014"},"year":{"N":"2017"},"month":{"N":"4"},"day":{"N":"11"},"book":{"S":"5236"},"title":{"S":"Database in the Cloud"},"pubyear":{"N":"2014"},"subject":{"S":"cloud"}}}]}}}},
{"PutRequest": {"Item": {"display":{"S":"Iva Ramos"},"fname":{"S":"iva"},"lname":{"S":"ramos"},"type":{"S":"student"},"age":{"N":"24"},"checkouts":{"L":[{"M":{"id":{"S":"91023"},"year":{"N":"2017"},"month":{"N":"4"},"day":{"N":"16"},"book":{"S":"5249"},"title":{"S":"Starlight Applications"},"pubyear":{"N":"2016"},"subject":{"S":"cloud"}}},{"M":{"id":{"S":"91030"},"year":{"N":"2017"},"month":{"N":"4"},"day":{"N":"22"},"book":{"S":"5242"},"title":{"S":"C# in Middleware Deployment"},"pubyear":{"N":"2015"},"subject":{"S":"middleware"}}},{"M":{"id":{"S":"91059"},"year":{"N":"2017"},"month":{"N":"5"},"day":{"N":"10"},"book":{"S":"5249"},"title":{"S":"Starlight Applications"},"pubyear":{"N":"2016"},"subject":{"S":"cloud"}}}]}}}},
{"PutRequest": {"Item": {"display":{"S":"Rena Mathis"},"fname":{"S":"rena"},"lname":{"S":"mathis"},"type":{"S":"student"},"age":{"N":"23"},"checkouts":{"L":[{"M":{"id":{"S":"91002"},"year":{"N":"2017"},"month":{"N":"3"},"day":{"N":"31"},"book":{"S":"5238"},"title":{"S":"Conceptual Programming"},"pubyear":{"N":"2015"},"subject":{"S":"programming"}}},{"M":{"id":{"S":"91024"},"year":{"N":"2017"},"month":{"N":"4"},"day":{"N":"21"},"book":{"S":"5235"},"title":{"S":"Beginner's Guide to JAVA"},"pubyear":{"N":"2014"},"subject":{"S":"programming"}}},{"M":{"id":{"S":"91060"},"year":{"N":"2017"},"month":{"N":"5"},"day":{"N":"15"},"book":{"S":"5235"},"title":{"S":"Beginner's Guide to JAVA"},"pubyear":{"N":"2014"},"subject":{"S":"programming"}}}]}}}},
{"PutRequest": {"Item": {"display":{"S":"Keith Cooley"},"fname":{"S":"keith"},"lname":{"S":"cooley"},"type":{"S":"student"},"age":{"N":"27"},"checkouts":{"L":[{"M":{"id":{"S":"91037"},"year":{"N":"2017"},"month":{"N":"4"},"day":{"N":"28"},"book":{"S":"5235"},"title":{"S":"Beginner's Guide to JAVA"},"pubyear":{"N":"2014"},"subject":{"S":"programming"}}},{"M":{"id":{"S":"91045"},"year":{"N":"2017"},"month":{"N":"4"},"day":{"N":"30"},"book":{"S":"5242"},"title":{"S":"C# in Middleware Deployment"},"pubyear":{"N":"2015"},"subject":{"S":"middleware"}}},{"M":{"id":{"S":"91065"},"year":{"N":"2017"},"month":{"N":"5"},"day":{"N":"17"},"book":{"S":"5244"},"title":{"S":"Cloud-based Mobile Applications"},"pubyear":{"N":"2015"},"subject":{"S":"cloud"}}}]}}}},
{"PutRequest": {"Item": {"display":{"S":"Jerald Gaines"},"fname":{"S":"jerald"},"lname":{"S":"gaines"},"type":{"S":"student"},"age":{"N":"41"},"checkouts":{"L":[{"M":{"id":{"S":"91041"},"year":{"N":"2017"},"month":{"N":"4"},"day":{"N":"28"},"book":{"S":"5236"},"title":{"S":"Database in the Cloud"},"pubyear":{"N":"2014"},"subject":{"S":"cloud"}}}]}}}},
{"PutRequest": {"Item": {"display":{"S":"Iva McClain"},"fname":{"S":"iva"},"lname":{"S":"mcclain"},"type":{"S":"student"},"age":{"N":"22"},"checkouts":{"L":[{"M":{"id":{"S":"91053"},"year":{"N":"2017"},"month":{"N":"5"},"day":{"N":"9"},"book":{"S":"5240"},"title":{"S":"iOS Programming"},"pubyear":{"N":"2015"},"subject":{"S":"programming"}}}]}}}},
{"PutRequest": {"Item": {"display":{"S":"Desiree Rivas"},"fname":{"S":"desiree"},"lname":{"S":"rivas"},"type":{"S":"student"},"age":{"N":"21"},"checkouts":{"L":[{"M":{"id":{"S":"91052"},"year":{"N":"2017"},"month":{"N":"5"},"day":{"N":"8"},"book":{"S":"5236"},"title":{"S":"Database in the Cloud"},"pubyear":{"N":"2014"},"subject":{"S":"cloud"}}}]}}}},
{"PutRequest": {"Item": {"display":{"S":"Marina King"},"fname":{"S":"marina"},"lname":{"S":"king"},"type":{"S":"student"},"age":{"N":"22"},"checkouts":{"L":[{"M":{"id":{"S":"91049"},"year":{"N":"2017"},"month":{"N":"5"},"day":{"N":"4"},"book":{"S":"5240"},"title":{"S":"iOS Programming"},"pubyear":{"N":"2015"},"subject":{"S":"programming"}}}]}}}},
{"PutRequest": {"Item": {"display":{"S":"Maureen Downs"},"fname":{"S":"maureen"},"lname":{"S":"downs"},"type":{"S":"student"},"age":{"N":"21"},"checkouts":{"L":[{"M":{"id":{"S":"91038"},"year":{"N":"2017"},"month":{"N":"4"},"day":{"N":"28"},"book":{"S":"5238"},"title":{"S":"Conceptual Programming"},"pubyear":{"N":"2015"},"subject":{"S":"programming"}}}]}}}},
{"PutRequest": {"Item": {"display":{"S":"Angel Terrell"},"fname":{"S":"angel"},"lname":{"S":"terrell"},"type":{"S":"student"},"age":{"N":"20"},"checkouts":{"L":[{"M":{"id":{"S":"91047"},"year":{"N":"2017"},"month":{"N":"4"},"day":{"N":"30"},"book":{"S":"5236"},"title":{"S":"Database in the Cloud"},"pubyear":{"N":"2014"},"subject":{"S":"cloud"}}}]}}}},
{"PutRequest": {"Item": {"display":{"S":"Desiree Harrington"},"fname":{"S":"desiree"},"lname":{"S":"harrington"},"type":{"S":"student"},"age":{"N":"28"},"checkouts":{"L":[{"M":{"id":{"S":"91044"},"year":{"N":"2017"},"month":{"N":"4"},"day":{"N":"30"},"book":{"S":"5248"},"title":{"S":"What You Always Wanted to Know About Database, But Were Afraid to Ask"},"pubyear":{"N":"2016"},"subject":{"S":"database"}}}]}}}},
{"PutRequest": {"Item": {"display":{"S":"Carlton Morton"},"fname":{"S":"carlton"},"lname":{"S":"morton"},"type":{"S":"faculty"},"checkouts":{"L":[{"M":{"id":{"S":"91042"},"year":{"N":"2017"},"month":{"N":"4"},"day":{"N":"29"},"book":{"S":"5235"},"title":{"S":"Beginner's Guide to JAVA"},"pubyear":{"N":"2014"},"subject":{"S":"programming"}}},{"M":{"id":{"S":"91050"},"year":{"N":"2017"},"month":{"N":"5"},"day":{"N":"8"},"book":{"S":"5236"},"title":{"S":"Database in the Cloud"},"pubyear":{"N":"2014"},"subject":{"S":"cloud"}}}]}}}}
]
}
