{"display": "Robert Carter", "fname": "robert", "lname": "carter", "type": "faculty", "checkouts" : [{"id": "91004", "year": 2017, "month": 3, "day": 31, "book": "5237", "title": "Mastering the database environment", "pubyear": 2015, "subject": "database"}, {"id": "91003", "year": 2017, "month": 3, "day": 31, "book": "5240", "title": "iOS Programming", "pubyear": 2015, "subject": "programming"}, {"id": "91013", "year": 2017, "month": 4, "day": 10, "book": "5240", "title": "iOS Programming", "pubyear": 2015, "subject": "programming"}]}
{"display": "Kelsey Koch", "fname": "kelsey", "lname": "koch", "type": "faculty", "checkouts" : [{"id": "91010", "year": 2017, "month": 4, "day": 5, "book": "5235", "title": "Beginner's Guide to JAVA", "pubyear": 2014, "subject": "programming"}, {"id": "91027", "year": 2017, "month": 4, "day": 21, "book": "5243", "title": "DATABASES in Theory", "pubyear": 2015, "subject": "database"}, {"id": "91026", "year": 2017, "month": 4, "day": 21, "book": "5254", "title": "Coding Style for Maintenance", "pubyear": 2017, "subject": "programming"}]}
{"display": "Cedric Baldwin", "fname": "cedric", "lname": "baldwin", "type": "faculty", "checkouts" : [{"id": "91001", "year": 2017, "month": 3, "day": 31, "book": "5235", "title": "Beginner's Guide to JAVA", "pubyear": 2014, "subject": "programming"}, {"id": "91031", "year": 2017, "month": 4, "day": 23, "book": "5252", "title": "Beyond the Database Veil", "pubyear": 2016, "subject": "database"}, {"id": "91035", "year": 2017, "month": 4, "day": 24, "book": "5248", "title": "What You Always Wanted to Know About Database, But Were Afraid to Ask", "pubyear": 2016, "subject": "database"}]}
{"display": "Cory Barry", "fname": "cory", "lname": "barry", "type": "faculty", "checkouts" : [{"id": "91009", "year": 2017, "month": 4, "day": 5, "book": "5242", "title": "C# in Middleware Deployment", "pubyear": 2015, "subject": "middleware"}, {"id": "91018", "year": 2017, "month": 4, "day": 14, "book": "5236", "title": "Database in the Cloud", "pubyear": 2014, "subject": "cloud"}]}
{"display": "Peggy Marsh", "fname": "peggy", "lname": "marsh", "type": "student", "age": 21, "checkouts" : [{"id": "91019", "year": 2017, "month": 4, "day": 14, "book": "5246", "title": "Capture the Cloud", "pubyear": 2016, "subject": "cloud"}, {"id": "91022", "year": 2017, "month": 4, "day": 16, "book": "5252", "title": "Beyond the Database Veil", "pubyear": 2016, "subject": "database"}, {"id": "91058", "year": 2017, "month": 5, "day": 10, "book": "5252", "title": "Beyond the Database Veil", "pubyear": 2016, "subject": "database"}]}
{"display": "Tony Miles", "fname": "tony", "lname": "miles", "type": "student", "age": 23, "checkouts" : [{"id": "91025", "year": 2017, "month": 4, "day": 21, "book": "5246", "title": "Capture the Cloud", "pubyear": 2016, "subject": "cloud"}, {"id": "91032", "year": 2017, "month": 4, "day": 23, "book": "5238", "title": "Conceptual Programming", "pubyear": 2015, "subject": "programming"}, {"id": "91061", "year": 2017, "month": 5, "day": 15, "book": "5246", "title": "Capture the Cloud", "pubyear": 2016, "subject": "cloud"}]}
{"display": "Betsy Malone", "fname": "betsy", "lname": "malone", "type": "student", "age": 24, "checkouts" : [{"id": "91007", "year": 2017, "month": 4, "day": 5, "book": "5244", "title": "Cloud-based Mobile Applications", "pubyear": 2015, "subject": "cloud"}, {"id": "91033", "year": 2017, "month": 4, "day": 23, "book": "5235", "title": "Beginner's Guide to JAVA", "pubyear": 2014, "subject": "programming"}]}
{"display": "Allen Horne", "fname": "allen", "lname": "horne", "type": "student",  "age": 20,"checkouts" : [{"id": "91008", "year": 2017, "month": 4, "day": 5, "book": "5248", "title": "What You Always Wanted to Know About Database, But Were Afraid to Ask", "pubyear": 2016, "subject": "database"}, {"id": "91011", "year": 2017, "month": 4, "day": 5, "book": "5236", "title": "Database in the Cloud", "pubyear": 2014, "subject": "cloud"}, {"id": "91012", "year": 2017, "month": 4, "day": 8, "book": "5249", "title": "Starlight Applications", "pubyear": 2016, "subject": "cloud"}]}
{"display": "Helena Hughes", "fname": "helena", "lname": "hughes", "type": "faculty", "checkouts" : [{"id": "91016", "year": 2017, "month": 4, "day": 13, "book": "5236", "title": "Database in the Cloud", "pubyear": 2014, "subject": "cloud"}, {"id": "91028", "year": 2017, "month": 4, "day": 22, "book": "5236", "title": "Database in the Cloud", "pubyear": 2014, "subject": "cloud"}, {"id": "91064", "year": 2017, "month": 5, "day": 17, "book": "5236", "title": "Database in the Cloud", "pubyear": 2014, "subject": "cloud"}]}
{"display": "Jimmie Love", "fname": "jimmie", "lname": "love", "type": "student", "age": 29, "checkouts" : [{"id": "91017", "year": 2017, "month": 4, "day": 14, "book": "5240", "title": "iOS Programming", "pubyear": 2015, "subject": "programming"}]}
{"display": "Sandra Yang", "fname": "sandra", "lname": "yang", "type": "student", "age": 34, "checkouts" : [{"id": "91021", "year": 2017, "month": 4, "day": 16, "book": "5238", "title": "Conceptual Programming", "pubyear": 2015, "subject": "programming"}, {"id": "91020", "year": 2017, "month": 4, "day": 16, "book": "5254", "title": "Coding Style for Maintenance", "pubyear": 2017, "subject": "programming"}, {"id": "91034", "year": 2017, "month": 4, "day": 23, "book": "5240", "title": "iOS Programming", "pubyear": 2015, "subject": "programming"}]}
{"display": "Holly Anthony", "fname": "holly", "lname": "anthony", "type": "student", "age": 25, "checkouts" : [{"id": "91005", "year": 2017, "month": 3, "day": 31, "book": "5236", "title": "Database in the Cloud", "pubyear": 2014, "subject": "cloud"}, {"id": "91036", "year": 2017, "month": 4, "day": 24, "book": "5237", "title": "Mastering the database environment", "pubyear": 2015, "subject": "database"}]}
{"display": "Tyler Pope", "fname": "tyler", "lname": "pope", "type": "student", "age": 19, "checkouts" : [{"id": "91006", "year": 2017, "month": 4, "day": 5, "book": "5235", "title": "Beginner's Guide to JAVA", "pubyear": 2014, "subject": "programming"}, {"id": "91029", "year": 2017, "month": 4, "day": 22, "book": "5244", "title": "Cloud-based Mobile Applications", "pubyear": 2015, "subject": "cloud"}]}
{"display": "Thomas Duran", "fname": "thomas", "lname": "duran", "type": "student", "age": 18, "checkouts" : [{"id": "91015", "year": 2017, "month": 4, "day": 11, "book": "5237", "title": "Mastering the database environment", "pubyear": 2015, "subject": "database"}, {"id": "91014", "year": 2017, "month": 4, "day": 11, "book": "5236", "title": "Database in the Cloud", "pubyear": 2014, "subject": "cloud"}]}
{"display": "Iva Ramos", "fname": "iva", "lname": "ramos", "type": "student", "age": 24, "checkouts" : [{"id": "91023", "year": 2017, "month": 4, "day": 16, "book": "5249", "title": "Starlight Applications", "pubyear": 2016, "subject": "cloud"}, {"id": "91030", "year": 2017, "month": 4, "day": 22, "book": "5242", "title": "C# in Middleware Deployment", "pubyear": 2015, "subject": "middleware"}, {"id": "91059", "year": 2017, "month": 5, "day": 10, "book": "5249", "title": "Starlight Applications", "pubyear": 2016, "subject": "cloud"}]}
{"display": "Rena Mathis", "fname": "rena", "lname": "mathis", "type": "student", "age": 23, "checkouts" : [{"id": "91002", "year": 2017, "month": 3, "day": 31, "book": "5238", "title": "Conceptual Programming", "pubyear": 2015, "subject": "programming"}, {"id": "91024", "year": 2017, "month": 4, "day": 21, "book": "5235", "title": "Beginner's Guide to JAVA", "pubyear": 2014, "subject": "programming"}, {"id": "91060", "year": 2017, "month": 5, "day": 15, "book": "5235", "title": "Beginner's Guide to JAVA", "pubyear": 2014, "subject": "programming"}]}
{"display": "Keith Cooley", "fname": "keith", "lname": "cooley", "type": "student", "age": 27, "checkouts" : [{"id": "91037", "year": 2017, "month": 4, "day": 28, "book": "5235", "title": "Beginner's Guide to JAVA", "pubyear": 2014, "subject": "programming"}, {"id": "91045", "year": 2017, "month": 4, "day": 30, "book": "5242", "title": "C# in Middleware Deployment", "pubyear": 2015, "subject": "middleware"}, {"id": "91065", "year": 2017, "month": 5, "day": 17, "book": "5244", "title": "Cloud-based Mobile Applications", "pubyear": 2015, "subject": "cloud"}]}
{"display": "Jerald Gaines", "fname": "jerald", "lname": "gaines", "type": "student", "age": 41, "checkouts" : [{"id": "91041", "year": 2017, "month": 4, "day": 28, "book": "5236", "title": "Database in the Cloud", "pubyear": 2014, "subject": "cloud"}]}
{"display": "Iva McClain", "fname": "iva", "lname": "mcclain", "type": "student", "age": 22, "checkouts" : [{"id": "91053", "year": 2017, "month": 5, "day": 9, "book": "5240", "title": "iOS Programming", "pubyear": 2015, "subject": "programming"}]}
{"display": "Desiree Rivas", "fname": "desiree", "lname": "rivas", "type": "student", "age": 21, "checkouts" : [{"id": "91052", "year": 2017, "month": 5, "day": 8, "book": "5236", "title": "Database in the Cloud", "pubyear": 2014, "subject": "cloud"}]}
{"display": "Marina King", "fname": "marina", "lname": "king", "type": "student", "age": 22, "checkouts" : [{"id": "91049", "year": 2017, "month": 5, "day": 4, "book": "5240", "title": "iOS Programming", "pubyear": 2015, "subject": "programming"}]}
{"display": "Maureen Downs", "fname": "maureen", "lname": "downs", "type": "student", "age": 21, "checkouts" : [{"id": "91038", "year": 2017, "month": 4, "day": 28, "book": "5238", "title": "Conceptual Programming", "pubyear": 2015, "subject": "programming"}]}
{"display": "Angel Terrell", "fname": "angel", "lname": "terrell", "type": "student", "age": 20, "checkouts" : [{"id": "91047", "year": 2017, "month": 4, "day": 30, "book": "5236", "title": "Database in the Cloud", "pubyear": 2014, "subject": "cloud"}]}
{"display": "Desiree Harrington", "fname": "desiree", "lname": "harrington", "type": "student", "age": 28, "checkouts" : [{"id": "91044", "year": 2017, "month": 4, "day": 30, "book": "5248", "title": "What You Always Wanted to Know About Database, But Were Afraid to Ask", "pubyear": 2016, "subject": "database"}]}
{"display": "Carlton Morton", "fname": "carlton", "lname": "morton", "type": "faculty", "checkouts" : [{"id": "91042", "year": 2017, "month": 4, "day": 29, "book": "5235", "title": "Beginner's Guide to JAVA", "pubyear": 2014, "subject": "programming"}, {"id": "91050", "year": 2017, "month": 5, "day": 8, "book": "5236", "title": "Database in the Cloud", "pubyear": 2014, "subject": "cloud"}]}
{"display": "Gloria Pitts", "fname": "gloria", "lname": "pitts", "type": "student", "age": 22, "checkouts" : [{"id": "91055", "year": 2017, "month": 5, "day": 9, "book": "5246", "title": "Capture the Cloud", "pubyear": 2016, "subject": "cloud"}, {"id": "91054", "year": 2017, "month": 5, "day": 9, "book": "5236", "title": "Database in the Cloud", "pubyear": 2014, "subject": "cloud"}]}
{"display": "Zach Kelly", "fname": "zach", "lname": "kelly", "type": "student", "age": 23, "checkouts" : [{"id": "91039", "year": 2017, "month": 4, "day": 28, "book": "5240", "title": "iOS Programming", "pubyear": 2015, "subject": "programming"}, {"id": "91051", "year": 2017, "month": 5, "day": 8, "book": "5237", "title": "Mastering the database environment", "pubyear": 2015, "subject": "database"}]}
{"display": "Jose Hayes", "fname": "jose", "lname": "hays", "type": "student", "age": 20, "checkouts" : [{"id": "91063", "year": 2017, "month": 5, "day": 15, "book": "5243", "title": "DATABASES in Theory", "pubyear": 2015, "subject": "database"}, {"id": "91062", "year": 2017, "month": 5, "day": 15, "book": "5254", "title": "Coding Style for Maintenance", "pubyear": 2017, "subject": "programming"}]}
{"display": "Jewel England", "fname": "jewel", "lname": "england", "type": "student", "age": 21, "checkouts" : [{"id": "91057", "year": 2017, "month": 5, "day": 10, "book": "5238", "title": "Conceptual Programming", "pubyear": 2015, "subject": "programming"}, {"id": "91056", "year": 2017, "month": 5, "day": 10, "book": "5254", "title": "Coding Style for Maintenance", "pubyear": 2017, "subject": "programming"}]}
{"display": "Wilfred Fuller", "fname": "wilfred", "lname": "fuller", "type": "student", "age": 23, "checkouts" : [{"id": "91046", "year": 2017, "month": 4, "day": 30, "book": "5235", "title": "Beginner's Guide to JAVA", "pubyear": 2014, "subject": "programming"}]}
{"display": "Jeff Owens", "fname": "jeff", "lname": "owens", "type": "student", "age": 23, "checkouts" : [{"id": "91043", "year": 2017, "month": 4, "day": 29, "book": "5244", "title": "Cloud-based Mobile Applications", "pubyear": 2015, "subject": "cloud"}]}
{"display": "Homer Goodman", "fname": "homer", "lname": "goodman", "type": "student", "age": 23, "checkouts" : [{"id": "91040", "year": 2017, "month": 4, "day": 28, "book": "5237", "title": "Mastering the database environment", "pubyear": 2015, "subject": "database"}, {"id": "91066", "year": 2017, "month": 5, "day": 19, "book": "5242", "title": "C# in Middleware Deployment", "pubyear": 2015, "subject": "middleware"}]}
